pairing_id,timing,buyer,mode,run_idx,kind,total_calendar_s,total_active_s,final_tier,dnf,dnf_reason_category,dnf_reason,final_mass,t1_entry_s,t2_entry_s,t3_entry_s,t4_entry_s,t5_entry_s,t1_active_s,t2_active_s,t3_active_s,t4_active_s,t5_active_s,t1_exit_mass,t2_exit_mass,t3_exit_mass,t4_exit_mass,t5_exit_mass
p1,realistic-engaged,comp-hoarder,completion,0,engagement-profile,227677.80,11700.00,4,N,,,54877355.99,0.00,700.00,13687.52,226779.80,,0.00,3600.00,7200.00,900.00,,3.5044e-2,1.3421e+5,1.4084e+7,,
p1,realistic-engaged,comp-hoarder,completion,1,engagement-profile,102084.03,9000.00,4,N,,,174970537.44,0.00,700.00,39515.51,101187.03,,0.00,3600.00,4500.00,900.00,,3.5044e-2,4.9675e+5,7.4074e+7,,
p1,realistic-engaged,comp-hoarder,completion,2,engagement-profile,148630.99,10800.00,4,N,,,4137958.42,0.00,700.00,11370.89,147732.99,,0.00,3600.00,6300.00,900.00,,3.5044e-2,1.0168e+5,4.7967e+7,,
p1,realistic-engaged,comp-hoarder,completion,3,engagement-profile,126636.80,8100.00,4,N,,,35006049.08,0.00,700.00,26218.78,125744.80,,0.00,3600.00,3600.00,900.00,,3.5044e-2,3.1010e+5,3.3550e+7,,
p1,realistic-engaged,comp-hoarder,completion,4,engagement-profile,179416.49,9000.00,5,N,,,21263155642.18,0.00,700.00,16881.31,178518.49,179077.49,0.00,3600.00,4500.00,,900.00,3.5044e-2,1.7904e+5,2.3158e+8,3.3068e+6,
p1,realistic-engaged,comp-hoarder,completion,5,engagement-profile,158950.10,7200.00,5,N,,,21094329750.24,0.00,700.00,22261.71,158058.10,158670.10,0.00,3600.00,2700.00,,900.00,3.5044e-2,2.5456e+5,1.4526e+8,2.5001e+6,
p1,realistic-engaged,comp-hoarder,completion,6,engagement-profile,214797.44,7200.00,5,N,,,48745068473.28,0.00,700.00,10202.24,213900.44,213916.44,0.00,3600.00,2700.00,,900.00,3.5044e-2,8.5288e+4,1.6213e+9,1.1048e+9,
p1,realistic-engaged,comp-hoarder,completion,7,engagement-profile,100683.98,9900.00,4,N,,,56770964.45,0.00,700.00,6791.07,99786.98,,0.00,3600.00,5400.00,900.00,,3.5044e-2,3.7409e+4,3.7706e+7,,
p1,realistic-engaged,comp-hoarder,completion,8,engagement-profile,172545.97,6300.00,4,N,,,27553203.06,0.00,700.00,110426.72,172412.97,,0.00,3600.00,1800.00,900.00,,3.5044e-2,1.4921e+6,4.9556e+5,,
p1,realistic-engaged,comp-hoarder,completion,9,engagement-profile,148949.59,10800.00,5,N,,,9844753184.60,0.00,700.00,15604.78,148052.59,148068.59,0.00,3600.00,6300.00,,900.00,3.5044e-2,1.6111e+5,2.3748e+9,1.8595e+9,
p1,realistic-engaged,comp-hoarder,completion,10,engagement-profile,130769.21,9000.00,4,N,,,149481925.45,0.00,700.00,19243.09,129873.21,,0.00,3600.00,4500.00,900.00,,3.5044e-2,2.1219e+5,2.4486e+7,,
p1,realistic-engaged,comp-hoarder,completion,11,engagement-profile,122275.87,9000.00,4,N,,,5261010.12,0.00,700.00,7668.29,121379.87,,0.00,3600.00,4500.00,900.00,,3.5044e-2,4.9719e+4,3.6187e+7,,
p1,realistic-engaged,comp-hoarder,completion,12,engagement-profile,72048.29,10800.00,4,N,,,44886910.64,0.00,700.00,12804.95,71156.29,,0.00,3600.00,6300.00,900.00,,3.5044e-2,1.2181e+5,1.8047e+6,,
p1,realistic-engaged,comp-hoarder,completion,13,engagement-profile,146375.95,10800.00,4,N,,,148133509.17,0.00,700.00,16841.53,145478.95,,0.00,3600.00,6300.00,900.00,,3.5044e-2,1.7848e+5,2.4789e+7,,
p1,realistic-engaged,comp-hoarder,completion,14,engagement-profile,87948.80,9000.00,4,N,,,84230012.05,0.00,700.00,28836.80,87056.80,,0.00,3600.00,4500.00,900.00,,3.5044e-2,3.4685e+5,4.2805e+7,,
p1,realistic-engaged,comp-hoarder,completion,15,engagement-profile,124506.28,9000.00,5,N,,,99066539152.31,0.00,700.00,70514.57,123610.28,124312.28,0.00,3600.00,4500.00,,900.00,3.5044e-2,9.3187e+5,1.1434e+8,2.7065e+6,
p1,realistic-engaged,comp-hoarder,completion,16,engagement-profile,97550.46,10800.00,5,N,,,38884772134.18,0.00,700.00,6532.97,96652.46,96668.46,0.00,3600.00,6300.00,,900.00,3.5044e-2,3.3773e+4,9.1806e+8,4.0809e+8,
p1,realistic-engaged,comp-hoarder,completion,17,engagement-profile,118007.77,8100.00,4,N,,,80338216.10,0.00,700.00,33599.44,117111.77,,0.00,3600.00,3600.00,900.00,,3.5044e-2,4.1371e+5,4.4767e+7,,
p1,realistic-engaged,comp-hoarder,completion,18,engagement-profile,132608.39,8100.00,5,N,,,26550405154.07,0.00,700.00,12825.27,131711.39,131998.39,0.00,3600.00,3600.00,,900.00,3.5044e-2,1.2211e+5,4.0504e+8,3.5274e+6,
p1,realistic-engaged,comp-hoarder,completion,19,engagement-profile,126377.20,9000.00,4,N,,,16444183.84,0.00,700.00,33527.24,125480.20,,0.00,3600.00,4500.00,900.00,,3.5044e-2,4.1270e+5,2.2624e+7,,
p1,realistic-engaged,comp-hoarder,completion,20,engagement-profile,170574.64,7200.00,5,N,,,12594143427.70,0.00,700.00,88167.43,169678.64,170191.64,0.00,3600.00,2700.00,,900.00,3.5044e-2,1.1797e+6,2.5784e+8,2.4328e+6,
p1,realistic-engaged,comp-hoarder,completion,21,engagement-profile,113801.71,10800.00,5,N,,,15169990748.02,0.00,700.00,8318.01,112903.71,112919.71,0.00,3600.00,6300.00,,900.00,3.5044e-2,5.8843e+4,6.7416e+9,6.2420e+9,
p1,realistic-engaged,comp-hoarder,completion,22,engagement-profile,208510.67,10800.00,5,N,,,15879018592.04,0.00,700.00,38361.47,207613.67,207629.67,0.00,3600.00,6300.00,,900.00,3.5044e-2,4.8055e+5,7.9365e+9,7.4301e+9,
p1,realistic-engaged,comp-hoarder,completion,23,engagement-profile,137372.75,10800.00,5,N,,,30490413721.53,0.00,700.00,63690.43,136474.75,136490.75,0.00,3600.00,6300.00,,900.00,3.5044e-2,8.3609e+5,6.1875e+8,1.0879e+8,
p1,realistic-engaged,comp-hoarder,completion,24,engagement-profile,83477.85,9900.00,4,N,,,43249999.15,0.00,700.00,13559.45,82579.85,,0.00,3600.00,5400.00,900.00,,3.5044e-2,1.3241e+5,1.6755e+7,,
p1,realistic-engaged,comp-hoarder,completion,25,engagement-profile,134326.80,7200.00,4,N,,,71479319.97,0.00,700.00,39295.98,133434.80,,0.00,3600.00,2700.00,900.00,,3.5044e-2,4.9366e+5,1.7814e+7,,
p1,realistic-engaged,comp-hoarder,completion,26,engagement-profile,150768.95,9000.00,4,N,,,3152058.91,0.00,700.00,18849.82,149872.95,,0.00,3600.00,4500.00,900.00,,3.5044e-2,2.0666e+5,1.5907e+8,,
p1,realistic-engaged,comp-hoarder,completion,27,engagement-profile,178571.92,9900.00,5,N,,,21343248813.06,0.00,700.00,5952.58,177673.92,177900.92,0.00,3600.00,5400.00,,900.00,3.5044e-2,2.5632e+4,4.8980e+8,2.3198e+6,
p1,realistic-engaged,comp-hoarder,completion,28,engagement-profile,149546.41,8100.00,4,N,,,102838608.86,0.00,700.00,18778.68,148649.41,,0.00,3600.00,3600.00,900.00,,3.5044e-2,2.0567e+5,7.3383e+6,,
p1,realistic-engaged,comp-hoarder,completion,29,engagement-profile,158297.39,9000.00,5,N,,,19217820342.13,0.00,700.00,16056.87,157400.39,157856.39,0.00,3600.00,4500.00,,900.00,3.5044e-2,1.6746e+5,2.7976e+8,2.6416e+6,
p1,realistic-engaged,comp-hoarder,completion,30,engagement-profile,203054.51,10800.00,4,N,,,27836615.16,0.00,700.00,14880.57,202157.51,,0.00,3600.00,6300.00,900.00,,3.5044e-2,1.5095e+5,4.0601e+7,,
p1,realistic-engaged,comp-hoarder,completion,31,engagement-profile,139234.67,9000.00,5,N,,,144840189672.46,0.00,700.00,24215.80,138338.67,138354.67,0.00,3600.00,4500.00,,900.00,3.5044e-2,2.8199e+5,2.9029e+9,2.3895e+9,
p1,realistic-engaged,comp-hoarder,completion,32,engagement-profile,145690.11,9900.00,5,N,,,21246737795.98,0.00,700.00,8425.76,144793.11,145063.11,0.00,3600.00,5400.00,,900.00,3.5044e-2,6.0345e+4,4.3108e+8,2.0799e+6,
p1,realistic-engaged,comp-hoarder,completion,33,engagement-profile,129073.75,9900.00,4,N,,,99801110.43,0.00,700.00,22470.59,128176.75,,0.00,3600.00,5400.00,900.00,,3.5044e-2,2.5749e+5,1.8630e+7,,
p1,realistic-engaged,comp-hoarder,completion,34,engagement-profile,139860.28,9000.00,5,N,,,233826636268.29,0.00,700.00,26305.99,138962.28,139586.28,0.00,3600.00,4500.00,,900.00,3.5044e-2,3.1132e+5,1.3525e+8,2.1786e+6,
p1,realistic-engaged,comp-hoarder,completion,35,engagement-profile,112530.44,8100.00,4,N,,,4428769.82,0.00,700.00,8813.97,112516.44,,0.00,3600.00,3600.00,900.00,,3.5044e-2,6.5791e+4,4.7492e+5,,
p1,realistic-engaged,comp-hoarder,completion,36,engagement-profile,130601.70,8100.00,4,N,,,83965347.16,0.00,700.00,16643.78,129705.70,,0.00,3600.00,3600.00,900.00,,3.5044e-2,1.7570e+5,4.8334e+6,,
p1,realistic-engaged,comp-hoarder,completion,37,engagement-profile,214101.26,8100.00,4,N,,,50294762.26,0.00,700.00,49794.65,213204.26,,0.00,3600.00,3600.00,900.00,,3.5044e-2,6.4103e+5,1.3039e+7,,
p1,realistic-engaged,comp-hoarder,completion,38,engagement-profile,104302.72,10800.00,5,N,,,37571113798.44,0.00,700.00,19769.92,103406.72,103422.72,0.00,3600.00,6300.00,,900.00,3.5044e-2,2.1958e+5,7.4013e+8,2.2410e+8,
p1,realistic-engaged,comp-hoarder,completion,39,engagement-profile,115011.14,8100.00,5,N,,,32689061940.14,0.00,700.00,42008.06,114115.14,114538.14,0.00,3600.00,3600.00,,900.00,3.5044e-2,5.3174e+5,2.4557e+8,2.8018e+6,
p1,realistic-engaged,comp-hoarder,completion,40,engagement-profile,134155.13,9900.00,4,N,,,51516566.38,0.00,700.00,14150.49,133258.13,,0.00,3600.00,5400.00,900.00,,3.5044e-2,1.4071e+5,5.9677e+6,,
p1,realistic-engaged,comp-hoarder,completion,41,engagement-profile,97012.09,9900.00,4,N,,,39603337.39,0.00,700.00,6099.62,96115.09,,0.00,3600.00,5400.00,900.00,,3.5044e-2,2.7695e+4,2.5047e+7,,
p1,realistic-engaged,comp-hoarder,completion,42,engagement-profile,269767.04,9900.00,4,N,,,65824102.26,0.00,700.00,17435.64,268871.04,,0.00,3600.00,5400.00,900.00,,3.5044e-2,1.8682e+5,7.1859e+7,,
p1,realistic-engaged,comp-hoarder,completion,43,engagement-profile,123177.89,10800.00,5,N,,,6249825033.63,0.00,700.00,6236.83,122279.89,122295.89,0.00,3600.00,6300.00,,900.00,3.5044e-2,2.9618e+4,8.5869e+8,3.4364e+8,
p1,realistic-engaged,comp-hoarder,completion,44,engagement-profile,115939.07,9900.00,4,N,,,9897210.72,0.00,700.00,24924.81,115043.07,,0.00,3600.00,5400.00,900.00,,3.5044e-2,2.9194e+5,3.8266e+7,,
p1,realistic-engaged,comp-hoarder,completion,45,engagement-profile,182972.07,8100.00,4,N,,,104547373.85,0.00,700.00,6182.15,182777.07,,0.00,3600.00,3600.00,900.00,,3.5044e-2,2.8861e+4,4.8447e+5,,
p1,realistic-engaged,comp-hoarder,completion,46,engagement-profile,114478.45,8100.00,4,N,,,110444794.06,0.00,700.00,21677.71,113582.45,,0.00,3600.00,3600.00,900.00,,3.5044e-2,2.4636e+5,1.6910e+7,,
p1,realistic-engaged,comp-hoarder,completion,47,engagement-profile,167281.52,7200.00,4,N,,,21032629.68,0.00,700.00,9365.96,166389.52,,0.00,3600.00,2700.00,900.00,,3.5044e-2,7.3539e+4,2.5590e+6,,
p1,realistic-engaged,comp-hoarder,completion,48,engagement-profile,120234.28,9000.00,4,N,,,21153597.73,0.00,700.00,23377.09,119338.28,,0.00,3600.00,4500.00,900.00,,3.5044e-2,2.7022e+5,3.8930e+7,,
p1,realistic-engaged,comp-hoarder,completion,49,engagement-profile,251948.14,9000.00,4,N,,,49582439.88,0.00,700.00,43442.96,251052.14,,0.00,3600.00,4500.00,900.00,,3.5044e-2,5.5187e+5,1.2385e+7,,
p2,realistic-engaged,comp-rusher,completion,0,engagement-profile,571463.62,20700.00,4,N,,,411635.85,0.00,587.00,13684.52,570565.62,,0.00,3600.00,16200.00,900.00,,3.7913e-2,1.4257e+5,6.4163e+6,,
p2,realistic-engaged,comp-rusher,completion,1,engagement-profile,116019.22,10800.00,5,N,,,6244692817.25,0.00,587.00,39512.51,115122.22,115895.22,0.00,3600.00,6300.00,,900.00,3.7913e-2,5.1974e+5,1.0878e+8,2.6226e+6,
p2,realistic-engaged,comp-rusher,completion,2,engagement-profile,192796.72,11700.00,4,N,,,5058000.77,0.00,587.00,11367.89,191899.72,,0.00,3600.00,7200.00,900.00,,3.7913e-2,1.0874e+5,5.9217e+7,,
p2,realistic-engaged,comp-rusher,completion,3,engagement-profile,241884.67,9900.00,4,N,,,93790821.32,0.00,587.00,26215.78,240987.67,,0.00,3600.00,5400.00,900.00,,3.7913e-2,3.2556e+5,2.8760e+7,,
p2,realistic-engaged,comp-rusher,completion,4,engagement-profile,179416.49,9000.00,5,N,,,67581638951.34,0.00,587.00,16878.31,178519.49,179233.49,0.00,3600.00,4500.00,,900.00,3.7913e-2,1.8921e+5,1.3279e+8,3.0102e+6,
p2,realistic-engaged,comp-rusher,completion,5,engagement-profile,170499.90,8100.00,4,N,,,41733754.05,0.00,587.00,22258.71,169601.90,,0.00,3600.00,3600.00,900.00,,3.7913e-2,2.6778e+5,1.3646e+7,,
p2,realistic-engaged,comp-rusher,completion,6,engagement-profile,214797.44,7200.00,4,N,,,9477458.74,0.00,587.00,10199.24,213901.44,,0.00,3600.00,2700.00,900.00,,3.7913e-2,9.1679e+4,1.6977e+8,,
p2,realistic-engaged,comp-rusher,completion,7,engagement-profile,100683.98,9900.00,4,N,,,22756585.06,0.00,587.00,6788.07,99787.98,,0.00,3600.00,5400.00,900.00,,3.7913e-2,4.1867e+4,6.6346e+6,,
p2,realistic-engaged,comp-rusher,completion,8,engagement-profile,178441.51,7200.00,4,N,,,7759992.87,0.00,587.00,110423.72,177544.51,,0.00,3600.00,2700.00,900.00,,3.7913e-2,1.5553e+6,5.0809e+6,,
p2,realistic-engaged,comp-rusher,completion,9,engagement-profile,148949.59,10800.00,4,N,,,129166590.29,0.00,587.00,15601.78,148053.59,,0.00,3600.00,6300.00,900.00,,3.7913e-2,1.7056e+5,3.5817e+7,,
p2,realistic-engaged,comp-rusher,completion,10,engagement-profile,139700.62,9900.00,4,N,,,122134987.27,0.00,587.00,19240.09,138802.62,,0.00,3600.00,5400.00,900.00,,3.7913e-2,2.2371e+5,2.4289e+7,,
p2,realistic-engaged,comp-rusher,completion,11,engagement-profile,122275.87,9000.00,5,N,,,24781341219.72,0.00,587.00,7665.29,121383.87,122224.87,0.00,3600.00,4500.00,,900.00,3.7913e-2,5.4674e+4,1.1141e+8,3.0080e+6,
p2,realistic-engaged,comp-rusher,completion,12,engagement-profile,96520.70,12600.00,4,N,,,8875494.60,0.00,587.00,12801.95,95624.70,,0.00,3600.00,8100.00,900.00,,3.7913e-2,1.2968e+5,7.0530e+6,,
p2,realistic-engaged,comp-rusher,completion,13,engagement-profile,146375.95,10800.00,4,N,,,86281566.30,0.00,587.00,16838.53,145478.95,,0.00,3600.00,6300.00,900.00,,3.7913e-2,1.8863e+5,9.5657e+7,,
p2,realistic-engaged,comp-rusher,completion,14,engagement-profile,168406.47,9900.00,4,N,,,26624031.37,0.00,587.00,28833.80,167514.47,,0.00,3600.00,5400.00,900.00,,3.7913e-2,3.6379e+5,5.3776e+7,,
p2,realistic-engaged,comp-rusher,completion,15,engagement-profile,137585.38,9900.00,4,N,,,107338735.59,0.00,587.00,70511.57,136687.38,,0.00,3600.00,5400.00,900.00,,3.7913e-2,9.7242e+5,2.2312e+7,,
p2,realistic-engaged,comp-rusher,completion,16,engagement-profile,116337.54,11700.00,4,N,,,149658185.47,0.00,587.00,6529.97,115441.54,,0.00,3600.00,7200.00,900.00,,3.7913e-2,3.8085e+4,4.1074e+7,,
p2,realistic-engaged,comp-rusher,completion,17,engagement-profile,125241.70,9000.00,5,N,,,18317487788.83,0.00,587.00,33596.44,124343.70,124860.70,0.00,3600.00,4500.00,,900.00,3.7913e-2,4.3335e+5,2.6593e+8,1.9972e+6,
p2,realistic-engaged,comp-rusher,completion,18,engagement-profile,169129.91,9000.00,4,N,,,101137207.37,0.00,587.00,12822.27,168231.91,,0.00,3600.00,4500.00,900.00,,3.7913e-2,1.2998e+5,2.2246e+7,,
p2,realistic-engaged,comp-rusher,completion,19,engagement-profile,147893.59,9900.00,4,N,,,108248990.12,0.00,587.00,33524.24,146996.59,,0.00,3600.00,5400.00,900.00,,3.7913e-2,4.3230e+5,3.0267e+7,,
p2,realistic-engaged,comp-rusher,completion,20,engagement-profile,170574.64,7200.00,4,N,,,145013691.95,0.00,587.00,88164.43,169679.64,,0.00,3600.00,2700.00,900.00,,3.7913e-2,1.2302e+6,5.0084e+7,,
p2,realistic-engaged,comp-rusher,completion,21,engagement-profile,113801.71,10800.00,5,N,,,210276138802.50,0.00,587.00,8315.01,112905.71,113623.71,0.00,3600.00,6300.00,,900.00,3.7913e-2,6.4166e+4,2.0993e+8,2.1934e+6,
p2,realistic-engaged,comp-rusher,completion,22,engagement-profile,147356.74,9900.00,4,N,,,18706658.36,0.00,587.00,38358.47,146458.74,,0.00,3600.00,5400.00,900.00,,3.7913e-2,5.0289e+5,8.1905e+6,,
p2,realistic-engaged,comp-rusher,completion,23,engagement-profile,129737.13,9000.00,4,N,,,100534669.00,0.00,587.00,63687.43,128845.13,,0.00,3600.00,4500.00,900.00,,3.7913e-2,8.7277e+5,2.1099e+7,,
p2,realistic-engaged,comp-rusher,completion,24,engagement-profile,160728.25,12600.00,4,N,,,14194789.46,0.00,587.00,13556.45,159830.25,,0.00,3600.00,8100.00,900.00,,3.7913e-2,1.4070e+5,6.0406e+7,,
p2,realistic-engaged,comp-rusher,completion,25,engagement-profile,159644.41,9900.00,4,N,,,10911918.58,0.00,587.00,39292.98,158747.41,,0.00,3600.00,5400.00,900.00,,3.7913e-2,5.1653e+5,6.6732e+6,,
p2,realistic-engaged,comp-rusher,completion,26,engagement-profile,107348.18,8100.00,4,N,,,30414953.37,0.00,587.00,18846.82,106456.18,,0.00,3600.00,3600.00,900.00,,3.7913e-2,2.1795e+5,1.0084e+7,,
p2,realistic-engaged,comp-rusher,completion,27,engagement-profile,198738.59,10800.00,4,N,,,2366309.84,0.00,587.00,5949.58,197841.59,,0.00,3600.00,6300.00,900.00,,3.7913e-2,2.9615e+4,2.4558e+6,,
p2,realistic-engaged,comp-rusher,completion,28,engagement-profile,149546.41,8100.00,4,N,,,4774268.40,0.00,587.00,18775.68,148649.41,,0.00,3600.00,3600.00,900.00,,3.7913e-2,2.1692e+5,3.4114e+6,,
p2,realistic-engaged,comp-rusher,completion,29,engagement-profile,189264.93,9900.00,5,N,,,8164675388.59,0.00,587.00,16053.87,188366.93,188382.93,0.00,3600.00,5400.00,,900.00,3.7913e-2,1.7717e+5,6.1401e+8,9.7048e+7,
p2,realistic-engaged,comp-rusher,completion,30,engagement-profile,218493.15,11700.00,4,N,,,104327370.59,0.00,587.00,14877.57,217595.15,,0.00,3600.00,7200.00,900.00,,3.7913e-2,1.5999e+5,8.3123e+7,,
p2,realistic-engaged,comp-rusher,completion,31,engagement-profile,139234.67,9000.00,4,N,,,10297329.18,0.00,587.00,24212.80,138342.67,,0.00,3600.00,4500.00,900.00,,3.7913e-2,2.9631e+5,7.1912e+6,,
p2,realistic-engaged,comp-rusher,completion,32,engagement-profile,145690.11,9900.00,4,N,,,49050008.26,0.00,587.00,8422.76,144793.11,,0.00,3600.00,5400.00,900.00,,3.7913e-2,6.5729e+4,1.7481e+8,,
p2,realistic-engaged,comp-rusher,completion,33,engagement-profile,129073.75,9900.00,4,N,,,26935872.92,0.00,587.00,22467.59,128177.75,,0.00,3600.00,5400.00,900.00,,3.7913e-2,2.7083e+5,5.1414e+7,,
p2,realistic-engaged,comp-rusher,completion,34,engagement-profile,139860.28,9000.00,4,N,,,91741598.45,0.00,587.00,26302.99,138962.28,,0.00,3600.00,4500.00,900.00,,3.7913e-2,3.2683e+5,2.7064e+7,,
p2,realistic-engaged,comp-rusher,completion,35,engagement-profile,125169.18,9000.00,4,N,,,6343614.56,0.00,587.00,8810.97,124272.18,,0.00,3600.00,4500.00,900.00,,3.7913e-2,7.1395e+4,5.3082e+6,,
p2,realistic-engaged,comp-rusher,completion,36,engagement-profile,148338.09,9000.00,4,N,,,21022616.25,0.00,587.00,16640.78,147442.09,,0.00,3600.00,4500.00,900.00,,3.7913e-2,1.8574e+5,5.1112e+7,,
p2,realistic-engaged,comp-rusher,completion,37,engagement-profile,214101.26,8100.00,4,N,,,145879099.98,0.00,587.00,49791.65,213204.26,,0.00,3600.00,3600.00,900.00,,3.7913e-2,6.6985e+5,4.1597e+7,,
p2,realistic-engaged,comp-rusher,completion,38,engagement-profile,120989.22,12600.00,4,N,,,17252173.61,0.00,587.00,19766.92,120091.22,,0.00,3600.00,8100.00,900.00,,3.7913e-2,2.3139e+5,1.4910e+6,,
p2,realistic-engaged,comp-rusher,completion,39,engagement-profile,133919.24,9000.00,5,N,,,175488547486.77,0.00,587.00,42005.06,133022.24,133742.24,0.00,3600.00,4500.00,,900.00,3.7913e-2,5.5615e+5,1.3002e+8,2.2862e+6,
p2,realistic-engaged,comp-rusher,completion,40,engagement-profile,197248.48,12600.00,5,N,,,29587298089.12,0.00,587.00,14147.49,196350.48,196915.48,0.00,3600.00,8100.00,,900.00,3.7913e-2,1.4933e+5,1.5763e+8,2.1571e+6,
p2,realistic-engaged,comp-rusher,completion,41,engagement-profile,97012.09,9900.00,4,N,,,89818242.27,0.00,587.00,6096.62,96115.09,,0.00,3600.00,5400.00,900.00,,3.7913e-2,3.1762e+4,1.5955e+7,,
p2,realistic-engaged,comp-rusher,completion,42,engagement-profile,301676.14,11700.00,5,N,,,21569087336.70,0.00,587.00,17432.64,300779.14,301450.14,0.00,3600.00,7200.00,,900.00,3.7913e-2,1.9730e+5,1.4782e+8,3.6041e+6,
p2,realistic-engaged,comp-rusher,completion,43,engagement-profile,123177.89,10800.00,5,N,,,18038538176.26,0.00,587.00,6233.83,122279.89,122921.89,0.00,3600.00,6300.00,,900.00,3.7913e-2,3.3763e+4,1.4652e+8,2.5463e+6,
p2,realistic-engaged,comp-rusher,completion,44,engagement-profile,115939.07,9900.00,4,N,,,11420155.26,0.00,587.00,24921.81,115047.07,,0.00,3600.00,5400.00,900.00,,3.7913e-2,3.0667e+5,4.4287e+7,,
p2,realistic-engaged,comp-rusher,completion,45,engagement-profile,197055.79,9000.00,5,N,,,154197385761.72,0.00,587.00,6179.15,196157.79,196889.79,0.00,3600.00,4500.00,,900.00,3.7913e-2,3.2974e+4,2.0776e+8,1.9303e+6,
p2,realistic-engaged,comp-rusher,completion,46,engagement-profile,117988.82,9000.00,4,N,,,45033867.14,0.00,587.00,21674.71,117090.82,,0.00,3600.00,4500.00,900.00,,3.7913e-2,2.5925e+5,4.7567e+7,,
p2,realistic-engaged,comp-rusher,completion,47,engagement-profile,167281.52,7200.00,4,N,,,3069268.66,0.00,587.00,9362.96,166389.52,,0.00,3600.00,2700.00,900.00,,3.7913e-2,7.9456e+4,1.9142e+6,,
p2,realistic-engaged,comp-rusher,completion,48,engagement-profile,120234.28,9000.00,4,N,,,2435071.50,0.00,587.00,23374.09,119338.28,,0.00,3600.00,4500.00,900.00,,3.7913e-2,2.8407e+5,5.2883e+7,,
p2,realistic-engaged,comp-rusher,completion,49,engagement-profile,262233.34,9900.00,4,N,,,97780892.94,0.00,587.00,43439.96,261336.34,,0.00,3600.00,5400.00,900.00,,3.7913e-2,5.7709e+5,1.7993e+7,,
p3,realistic-engaged,thr-hoarder,threshold,0,engagement-profile,188885.96,9000.00,4,N,,,343871.83,0.00,781.00,13682.52,187987.96,,0.00,3600.00,4500.00,900.00,,1.7963e-2,1.0039e+5,7.4636e+4,,
p3,realistic-engaged,thr-hoarder,threshold,1,engagement-profile,106685.01,9900.00,4,N,,,5852852.19,0.00,781.00,39510.51,105787.01,,0.00,3600.00,5400.00,900.00,,1.7963e-2,3.5908e+5,5.7766e+6,,
p3,realistic-engaged,thr-hoarder,threshold,2,engagement-profile,102135.27,9000.00,4,N,,,283265.82,0.00,781.00,11365.89,101237.27,,0.00,3600.00,4500.00,900.00,,1.7963e-2,7.7189e+4,9.3218e+4,,
p3,realistic-engaged,thr-hoarder,threshold,3,engagement-profile,126636.80,8100.00,4,N,,,414306.87,0.00,781.00,26213.78,125738.80,,0.00,3600.00,3600.00,900.00,,1.7963e-2,2.2590e+5,6.0920e+5,,
p3,realistic-engaged,thr-hoarder,threshold,4,engagement-profile,155118.53,8100.00,5,N,,,19020255.66,0.00,781.00,16876.31,154220.53,154862.53,0.00,3600.00,3600.00,,900.00,1.7963e-2,1.3238e+5,1.5686e+7,1.8789e+5,
p3,realistic-engaged,thr-hoarder,threshold,5,engagement-profile,158950.10,7200.00,4,N,,,2120831.96,0.00,781.00,22256.71,158052.10,,0.00,3600.00,2700.00,900.00,,1.7963e-2,1.8627e+5,4.4227e+6,,
p3,realistic-engaged,thr-hoarder,threshold,6,engagement-profile,153752.08,6300.00,4,N,,,1376079.89,0.00,781.00,10197.24,152854.08,,0.00,3600.00,1800.00,900.00,,1.7963e-2,6.5490e+4,2.0438e+6,,
p3,realistic-engaged,thr-hoarder,threshold,7,engagement-profile,100683.98,9900.00,4,N,,,1738958.70,0.00,781.00,6786.07,99785.98,,0.00,3600.00,5400.00,900.00,,1.7963e-2,3.1327e+4,1.9811e+6,,
p3,realistic-engaged,thr-hoarder,threshold,8,engagement-profile,178441.51,7200.00,4,N,,,2932214.59,0.00,781.00,110421.72,177543.51,,0.00,3600.00,2700.00,900.00,,1.7963e-2,1.0693e+6,2.8324e+6,,
p3,realistic-engaged,thr-hoarder,threshold,9,engagement-profile,97163.41,9900.00,4,N,,,64670.00,0.00,781.00,15599.78,96265.41,,0.00,3600.00,5400.00,900.00,,1.7963e-2,1.1959e+5,1.1248e+6,,
p3,realistic-engaged,thr-hoarder,threshold,10,engagement-profile,130769.21,9000.00,4,N,,,553604.84,0.00,781.00,19238.09,129871.21,,0.00,3600.00,4500.00,900.00,,1.7963e-2,1.5604e+5,1.2574e+6,,
p3,realistic-engaged,thr-hoarder,threshold,11,engagement-profile,122275.87,9000.00,4,N,,,2614963.06,0.00,781.00,7663.29,121377.87,,0.00,3600.00,4500.00,900.00,,1.7963e-2,4.0111e+4,2.9054e+6,,
p3,realistic-engaged,thr-hoarder,threshold,12,engagement-profile,80424.91,11700.00,4,N,,,667474.31,0.00,781.00,12799.95,79526.91,,0.00,3600.00,7200.00,900.00,,1.7963e-2,9.1551e+4,1.1492e+6,,
p3,realistic-engaged,thr-hoarder,threshold,13,engagement-profile,100344.85,9900.00,4,N,,,3463489.33,0.00,781.00,16836.53,99446.85,,0.00,3600.00,5400.00,900.00,,1.7963e-2,1.3198e+5,5.9086e+6,,
p3,realistic-engaged,thr-hoarder,threshold,14,engagement-profile,168406.47,9900.00,5,N,,,39431108.83,0.00,781.00,28831.80,167508.47,168205.47,0.00,3600.00,5400.00,,900.00,1.7963e-2,2.5212e+5,1.5031e+7,1.1576e+5,
p3,realistic-engaged,thr-hoarder,threshold,15,engagement-profile,137585.38,9900.00,5,N,,,29117945.22,0.00,781.00,70509.57,136687.38,136697.38,0.00,3600.00,5400.00,,900.00,1.7963e-2,6.6955e+5,1.7548e+7,1.5597e+6,
p3,realistic-engaged,thr-hoarder,threshold,16,engagement-profile,97550.46,10800.00,4,N,,,1403376.56,0.00,781.00,6527.97,96652.46,,0.00,3600.00,6300.00,900.00,,1.7963e-2,2.8733e+4,9.8674e+5,,
p3,realistic-engaged,thr-hoarder,threshold,17,engagement-profile,125241.70,9000.00,4,N,,,711680.74,0.00,781.00,33594.44,124343.70,,0.00,3600.00,4500.00,900.00,,1.7963e-2,2.9982e+5,2.8807e+6,,
p3,realistic-engaged,thr-hoarder,threshold,18,engagement-profile,132608.39,8100.00,5,N,,,26512838.21,0.00,781.00,12820.27,131710.39,131720.39,0.00,3600.00,3600.00,,900.00,1.7963e-2,9.1761e+4,2.2954e+7,6.9513e+6,
p3,realistic-engaged,thr-hoarder,threshold,19,engagement-profile,115589.64,8100.00,4,N,,,901457.25,0.00,781.00,33522.24,114691.64,,0.00,3600.00,3600.00,900.00,,1.7963e-2,2.9910e+5,2.2349e+6,,
p3,realistic-engaged,thr-hoarder,threshold,20,engagement-profile,170574.64,7200.00,4,N,,,398071.25,0.00,781.00,88162.43,169676.64,,0.00,3600.00,2700.00,900.00,,1.7963e-2,8.4635e+5,4.7707e+6,,
p3,realistic-engaged,thr-hoarder,threshold,21,engagement-profile,113801.71,10800.00,4,N,,,3154815.05,0.00,781.00,8313.01,112903.71,,0.00,3600.00,6300.00,900.00,,1.7963e-2,4.6621e+4,8.5660e+6,,
p3,realistic-engaged,thr-hoarder,threshold,22,engagement-profile,135816.85,8100.00,4,N,,,4099825.41,0.00,781.00,38356.47,134918.85,,0.00,3600.00,3600.00,900.00,,1.7963e-2,3.4752e+5,7.2255e+6,,
p3,realistic-engaged,thr-hoarder,threshold,23,engagement-profile,129737.13,9000.00,4,N,,,75722.93,0.00,781.00,63685.43,128839.13,,0.00,3600.00,4500.00,900.00,,1.7963e-2,6.0120e+5,2.8253e+5,,
p3,realistic-engaged,thr-hoarder,threshold,24,engagement-profile,110345.45,10800.00,4,N,,,754441.23,0.00,781.00,13554.45,109447.45,,0.00,3600.00,6300.00,900.00,,1.7963e-2,9.9113e+4,1.1404e+6,,
p3,realistic-engaged,thr-hoarder,threshold,25,engagement-profile,144386.30,8100.00,4,N,,,2303091.90,0.00,781.00,39290.98,143488.30,,0.00,3600.00,3600.00,900.00,,1.7963e-2,3.5687e+5,2.4791e+6,,
p3,realistic-engaged,thr-hoarder,threshold,26,engagement-profile,150768.95,9000.00,5,N,,,13990608.70,0.00,781.00,18844.82,149870.95,149880.95,0.00,3600.00,4500.00,,900.00,1.7963e-2,1.5209e+5,2.5146e+7,9.1187e+6,
p3,realistic-engaged,thr-hoarder,threshold,27,engagement-profile,139349.87,9000.00,4,N,,,603179.33,0.00,781.00,5947.58,138451.87,,0.00,3600.00,4500.00,900.00,,1.7963e-2,2.2924e+4,4.7362e+5,,
p3,realistic-engaged,thr-hoarder,threshold,28,engagement-profile,143016.61,7200.00,4,N,,,1794795.41,0.00,781.00,18773.68,142118.61,,0.00,3600.00,2700.00,900.00,,1.7963e-2,1.5138e+5,5.6882e+6,,
p3,realistic-engaged,thr-hoarder,threshold,29,engagement-profile,158297.39,9000.00,5,N,,,4240191.76,0.00,781.00,16051.87,157399.39,157409.39,0.00,3600.00,4500.00,,900.00,1.7963e-2,1.2412e+5,1.8885e+7,2.8486e+6,
p3,realistic-engaged,thr-hoarder,threshold,30,engagement-profile,182258.96,9900.00,4,N,,,1895414.89,0.00,781.00,14875.57,181360.96,,0.00,3600.00,5400.00,900.00,,1.7963e-2,1.1234e+5,5.3673e+6,,
p3,realistic-engaged,thr-hoarder,threshold,31,engagement-profile,139234.67,9000.00,4,N,,,36685.85,0.00,781.00,24210.80,138336.67,,0.00,3600.00,4500.00,900.00,,1.7963e-2,2.0584e+5,1.5712e+6,,
p3,realistic-engaged,thr-hoarder,threshold,32,engagement-profile,145690.11,9900.00,5,N,,,53286252.08,0.00,781.00,8420.76,144792.11,144802.11,0.00,3600.00,5400.00,,900.00,1.7963e-2,4.7693e+4,6.9615e+7,5.3627e+7,
p3,realistic-engaged,thr-hoarder,threshold,33,engagement-profile,129073.75,9900.00,4,N,,,5996607.01,0.00,781.00,22465.59,128175.75,,0.00,3600.00,5400.00,900.00,,1.7963e-2,1.8836e+5,7.4753e+6,,
p3,realistic-engaged,thr-hoarder,threshold,34,engagement-profile,124963.73,8100.00,4,N,,,3305450.52,0.00,781.00,26300.99,124065.73,,0.00,3600.00,3600.00,900.00,,1.7963e-2,2.2677e+5,5.9569e+6,,
p3,realistic-engaged,thr-hoarder,threshold,35,engagement-profile,125169.18,9000.00,4,N,,,896866.43,0.00,781.00,8808.97,124271.18,,0.00,3600.00,4500.00,900.00,,1.7963e-2,5.1579e+4,5.3410e+6,,
p3,realistic-engaged,thr-hoarder,threshold,36,engagement-profile,130601.70,8100.00,4,N,,,1160977.71,0.00,781.00,16638.78,129703.70,,0.00,3600.00,3600.00,900.00,,1.7963e-2,1.3000e+5,2.1425e+6,,
p3,realistic-engaged,thr-hoarder,threshold,37,engagement-profile,162607.57,6300.00,4,N,,,1062631.95,0.00,781.00,49789.65,161709.57,,0.00,3600.00,1800.00,900.00,,1.7963e-2,4.6203e+5,3.0349e+6,,
p3,realistic-engaged,thr-hoarder,threshold,38,engagement-profile,104302.72,10800.00,4,N,,,1257239.98,0.00,781.00,19764.92,103404.72,,0.00,3600.00,6300.00,900.00,,1.7963e-2,1.6131e+5,2.7360e+6,,
p3,realistic-engaged,thr-hoarder,threshold,39,engagement-profile,133919.24,9000.00,5,N,,,86088772.34,0.00,781.00,42003.06,133021.24,133815.24,0.00,3600.00,4500.00,,900.00,1.7963e-2,3.8404e+5,1.1372e+7,1.3743e+5,
p3,realistic-engaged,thr-hoarder,threshold,40,engagement-profile,134155.13,9900.00,4,N,,,536523.62,0.00,781.00,14145.49,133257.13,,0.00,3600.00,5400.00,900.00,,1.7963e-2,1.0503e+5,2.7480e+6,,
p3,realistic-engaged,thr-hoarder,threshold,41,engagement-profile,97012.09,9900.00,4,N,,,2102004.38,0.00,781.00,6094.62,96114.09,,0.00,3600.00,5400.00,900.00,,1.7963e-2,2.4397e+4,1.9983e+6,,
p3,realistic-engaged,thr-hoarder,threshold,42,engagement-profile,139506.52,7200.00,4,N,,,2744954.35,0.00,781.00,17430.64,138608.52,,0.00,3600.00,2700.00,900.00,,1.7963e-2,1.3793e+5,3.2320e+6,,
p3,realistic-engaged,thr-hoarder,threshold,43,engagement-profile,106909.55,9900.00,4,N,,,2446008.55,0.00,781.00,6231.83,106011.55,,0.00,3600.00,5400.00,900.00,,1.7963e-2,2.5769e+4,9.4769e+6,,
p3,realistic-engaged,thr-hoarder,threshold,44,engagement-profile,115939.07,9900.00,4,N,,,621132.80,0.00,781.00,24919.81,115041.07,,0.00,3600.00,5400.00,900.00,,1.7963e-2,2.1294e+5,3.0913e+6,,
p3,realistic-engaged,thr-hoarder,threshold,45,engagement-profile,182972.07,8100.00,4,N,,,4215255.46,0.00,781.00,6177.15,182074.07,,0.00,3600.00,3600.00,900.00,,1.7963e-2,2.5228e+4,5.0648e+6,,
p3,realistic-engaged,thr-hoarder,threshold,46,engagement-profile,117988.82,9000.00,4,N,,,1405560.83,0.00,781.00,21672.71,117090.82,,0.00,3600.00,4500.00,900.00,,1.7963e-2,1.8042e+5,3.6066e+5,,
p3,realistic-engaged,thr-hoarder,threshold,47,engagement-profile,167281.52,7200.00,4,N,,,150616.23,0.00,781.00,9360.96,166383.52,,0.00,3600.00,2700.00,900.00,,1.7963e-2,5.7107e+4,5.3658e+6,,
p3,realistic-engaged,thr-hoarder,threshold,48,engagement-profile,120234.28,9000.00,4,N,,,4757778.23,0.00,781.00,23372.09,119336.28,,0.00,3600.00,4500.00,900.00,,1.7963e-2,1.9745e+5,4.9486e+6,,
p3,realistic-engaged,thr-hoarder,threshold,49,engagement-profile,156409.85,7200.00,5,N,,,61176748.36,0.00,781.00,43437.96,155511.85,156364.85,0.00,3600.00,2700.00,,900.00,1.7963e-2,3.9841e+5,9.4887e+6,1.2675e+5,
p4,realistic-engaged,thr-rusher,threshold,0,engagement-profile,142949.90,5400.00,4,N,,,10823.57,0.00,569.00,13682.52,142052.90,,0.00,3600.00,900.00,900.00,,1.7281e-2,1.3382e+5,6.1422e+5,,
p4,realistic-engaged,thr-rusher,threshold,1,engagement-profile,116019.22,10800.00,4,N,,,1460630.16,0.00,569.00,39510.51,115121.22,,0.00,3600.00,6300.00,900.00,,1.7281e-2,4.7749e+5,2.8447e+6,,
p4,realistic-engaged,thr-rusher,threshold,2,engagement-profile,139013.00,9900.00,4,N,,,278177.16,0.00,569.00,11365.89,138115.00,,0.00,3600.00,5400.00,900.00,,1.7281e-2,1.0299e+5,1.5911e+6,,
p4,realistic-engaged,thr-rusher,threshold,3,engagement-profile,126636.80,8100.00,4,N,,,190129.77,0.00,569.00,26213.78,125738.80,,0.00,3600.00,3600.00,900.00,,1.7281e-2,3.0055e+5,1.1395e+5,,
p4,realistic-engaged,thr-rusher,threshold,4,engagement-profile,155118.53,8100.00,4,N,,,3122088.40,0.00,569.00,16876.31,154220.53,,0.00,3600.00,3600.00,900.00,,1.7281e-2,1.7632e+5,7.6448e+6,,
p4,realistic-engaged,thr-rusher,threshold,5,engagement-profile,158950.10,7200.00,4,N,,,2009584.11,0.00,569.00,22256.71,158052.10,,0.00,3600.00,2700.00,900.00,,1.7281e-2,2.4790e+5,4.2153e+6,,
p4,realistic-engaged,thr-rusher,threshold,6,engagement-profile,153752.08,6300.00,4,N,,,1007900.42,0.00,569.00,10197.24,152854.08,,0.00,3600.00,1800.00,900.00,,1.7281e-2,8.7444e+4,3.9116e+6,,
p4,realistic-engaged,thr-rusher,threshold,7,engagement-profile,100683.98,9900.00,4,N,,,184141.30,0.00,569.00,6786.07,99785.98,,0.00,3600.00,5400.00,900.00,,1.7281e-2,4.2057e+4,4.6666e+5,,
p4,realistic-engaged,thr-rusher,threshold,8,engagement-profile,172545.97,6300.00,4,N,,,477479.70,0.00,569.00,110421.72,171647.97,,0.00,3600.00,1800.00,900.00,,1.7281e-2,1.4210e+6,8.7276e+5,,
p4,realistic-engaged,thr-rusher,threshold,9,engagement-profile,148949.59,10800.00,4,N,,,1412846.25,0.00,569.00,15599.78,148051.59,,0.00,3600.00,6300.00,900.00,,1.7281e-2,1.5932e+5,1.0330e+7,,
p4,realistic-engaged,thr-rusher,threshold,10,engagement-profile,130769.21,9000.00,4,N,,,1152987.23,0.00,569.00,19238.09,129871.21,,0.00,3600.00,4500.00,900.00,,1.7281e-2,2.0774e+5,1.8093e+6,,
p4,realistic-engaged,thr-rusher,threshold,11,engagement-profile,122275.87,9000.00,4,N,,,1954523.45,0.00,569.00,7663.29,121377.87,,0.00,3600.00,4500.00,900.00,,1.7281e-2,5.3726e+4,4.4110e+6,,
p4,realistic-engaged,thr-rusher,threshold,12,engagement-profile,107867.47,13500.00,4,N,,,1983841.39,0.00,569.00,12799.95,106969.47,,0.00,3600.00,9000.00,900.00,,1.7281e-2,1.2207e+5,2.9987e+6,,
p4,realistic-engaged,thr-rusher,threshold,13,engagement-profile,146375.95,10800.00,4,N,,,837536.71,0.00,569.00,16836.53,145477.95,,0.00,3600.00,6300.00,900.00,,1.7281e-2,1.7578e+5,1.3658e+7,,
p4,realistic-engaged,thr-rusher,threshold,14,engagement-profile,168406.47,9900.00,4,N,,,2424766.15,0.00,569.00,28831.80,167508.47,,0.00,3600.00,5400.00,900.00,,1.7281e-2,3.3539e+5,6.3108e+6,,
p4,realistic-engaged,thr-rusher,threshold,15,engagement-profile,137585.38,9900.00,4,N,,,16769.15,0.00,569.00,70509.57,136687.38,,0.00,3600.00,5400.00,900.00,,1.7281e-2,8.8996e+5,2.0731e+6,,
p4,realistic-engaged,thr-rusher,threshold,16,engagement-profile,116337.54,11700.00,4,N,,,25457.49,0.00,569.00,6527.97,115439.54,,0.00,3600.00,7200.00,900.00,,1.7281e-2,3.8610e+4,5.3086e+6,,
p4,realistic-engaged,thr-rusher,threshold,17,engagement-profile,125241.70,9000.00,4,N,,,831208.84,0.00,569.00,33594.44,124343.70,,0.00,3600.00,4500.00,900.00,,1.7281e-2,3.9877e+5,2.5195e+6,,
p4,realistic-engaged,thr-rusher,threshold,18,engagement-profile,111633.16,7200.00,4,N,,,39941.86,0.00,569.00,12820.27,110735.16,,0.00,3600.00,2700.00,900.00,,1.7281e-2,1.2235e+5,2.0932e+5,,
p4,realistic-engaged,thr-rusher,threshold,19,engagement-profile,126377.20,9000.00,4,N,,,151251.78,0.00,569.00,33522.24,125479.20,,0.00,3600.00,4500.00,900.00,,1.7281e-2,3.9781e+5,3.3198e+5,,
p4,realistic-engaged,thr-rusher,threshold,20,engagement-profile,170574.64,7200.00,4,N,,,620609.30,0.00,569.00,88162.43,169676.64,,0.00,3600.00,2700.00,900.00,,1.7281e-2,1.1249e+6,4.0225e+6,,
p4,realistic-engaged,thr-rusher,threshold,21,engagement-profile,113801.71,10800.00,4,N,,,142760.96,0.00,569.00,8313.01,112903.71,,0.00,3600.00,6300.00,900.00,,1.7281e-2,6.2375e+4,2.5140e+6,,
p4,realistic-engaged,thr-rusher,threshold,22,engagement-profile,135816.85,8100.00,4,N,,,51418.65,0.00,569.00,38356.47,134918.85,,0.00,3600.00,3600.00,900.00,,1.7281e-2,4.6213e+5,2.8666e+6,,
p4,realistic-engaged,thr-rusher,threshold,23,engagement-profile,129737.13,9000.00,4,N,,,79839.75,0.00,569.00,63685.43,128839.13,,0.00,3600.00,4500.00,900.00,,1.7281e-2,7.9916e+5,2.8435e+5,,
p4,realistic-engaged,thr-rusher,threshold,24,engagement-profile,110345.45,10800.00,4,N,,,343479.44,0.00,569.00,13554.45,109447.45,,0.00,3600.00,6300.00,900.00,,1.7281e-2,1.3211e+5,5.9232e+5,,
p4,realistic-engaged,thr-rusher,threshold,25,engagement-profile,144386.30,8100.00,4,N,,,356475.23,0.00,569.00,39290.98,143488.30,,0.00,3600.00,3600.00,900.00,,1.7281e-2,4.7456e+5,5.8145e+5,,
p4,realistic-engaged,thr-rusher,threshold,26,engagement-profile,150768.95,9000.00,5,N,,,244759.71,0.00,569.00,18844.82,149870.95,150659.95,0.00,3600.00,4500.00,,900.00,1.7281e-2,2.0250e+5,1.6008e+7,1.3088e+5,
p4,realistic-engaged,thr-rusher,threshold,27,engagement-profile,139349.87,9000.00,4,N,,,32760.81,0.00,569.00,5947.58,138451.87,,0.00,3600.00,4500.00,900.00,,1.7281e-2,3.0893e+4,3.7668e+5,,
p4,realistic-engaged,thr-rusher,threshold,28,engagement-profile,143016.61,7200.00,4,N,,,1081311.23,0.00,569.00,18773.68,142118.61,,0.00,3600.00,2700.00,900.00,,1.7281e-2,2.0156e+5,1.4922e+6,,
p4,realistic-engaged,thr-rusher,threshold,29,engagement-profile,158297.39,9000.00,5,N,,,55026156.89,0.00,569.00,16051.87,157399.39,157409.39,0.00,3600.00,4500.00,,900.00,1.7281e-2,1.6534e+5,1.6301e+7,2.6025e+5,
p4,realistic-engaged,thr-rusher,threshold,30,engagement-profile,132956.05,5400.00,4,N,,,64513.05,0.00,569.00,14875.57,132059.05,,0.00,3600.00,900.00,900.00,,1.7281e-2,1.4969e+5,3.2462e+5,,
p4,realistic-engaged,thr-rusher,threshold,31,engagement-profile,139234.67,9000.00,4,N,,,658650.14,0.00,569.00,24210.80,138336.67,,0.00,3600.00,4500.00,900.00,,1.7281e-2,2.7390e+5,3.1268e+6,,
p4,realistic-engaged,thr-rusher,threshold,32,engagement-profile,145690.11,9900.00,5,N,,,87226144.83,0.00,569.00,8420.76,144792.11,144802.11,0.00,3600.00,5400.00,,900.00,1.7281e-2,6.3799e+4,2.4595e+7,8.5606e+6,
p4,realistic-engaged,thr-rusher,threshold,33,engagement-profile,129073.75,9900.00,4,N,,,1459623.05,0.00,569.00,22465.59,128175.75,,0.00,3600.00,5400.00,900.00,,1.7281e-2,2.5068e+5,2.7436e+6,,
p4,realistic-engaged,thr-rusher,threshold,34,engagement-profile,124963.73,8100.00,4,N,,,1198403.34,0.00,569.00,26300.99,124065.73,,0.00,3600.00,3600.00,900.00,,1.7281e-2,3.0171e+5,3.0049e+6,,
p4,realistic-engaged,thr-rusher,threshold,35,engagement-profile,125169.18,9000.00,4,N,,,748624.42,0.00,569.00,8808.97,124271.18,,0.00,3600.00,4500.00,900.00,,1.7281e-2,6.8962e+4,2.7012e+6,,
p4,realistic-engaged,thr-rusher,threshold,36,engagement-profile,148338.09,9000.00,4,N,,,1203230.52,0.00,569.00,16638.78,147440.09,,0.00,3600.00,4500.00,900.00,,1.7281e-2,1.7315e+5,3.9514e+6,,
p4,realistic-engaged,thr-rusher,threshold,37,engagement-profile,162607.57,6300.00,4,N,,,294464.11,0.00,569.00,49789.65,161709.57,,0.00,3600.00,1800.00,900.00,,1.7281e-2,6.1426e+5,2.3437e+6,,
p4,realistic-engaged,thr-rusher,threshold,38,engagement-profile,119010.72,11700.00,4,N,,,946340.71,0.00,569.00,19764.92,118112.72,,0.00,3600.00,7200.00,900.00,,1.7281e-2,2.1474e+5,2.4936e+6,,
p4,realistic-engaged,thr-rusher,threshold,39,engagement-profile,133919.24,9000.00,4,N,,,608230.54,0.00,569.00,42003.06,133021.24,,0.00,3600.00,4500.00,900.00,,1.7281e-2,5.1066e+5,8.2212e+5,,
p4,realistic-engaged,thr-rusher,threshold,40,engagement-profile,134155.13,9900.00,4,N,,,709449.29,0.00,569.00,14145.49,133257.13,,0.00,3600.00,5400.00,900.00,,1.7281e-2,1.3998e+5,1.3014e+6,,
p4,realistic-engaged,thr-rusher,threshold,41,engagement-profile,97012.09,9900.00,4,N,,,3276.69,0.00,569.00,6094.62,96114.09,,0.00,3600.00,5400.00,900.00,,1.7281e-2,3.2849e+4,1.2034e+5,,
p4,realistic-engaged,thr-rusher,threshold,42,engagement-profile,139506.52,7200.00,4,N,,,77565.02,0.00,569.00,17430.64,138608.52,,0.00,3600.00,2700.00,900.00,,1.7281e-2,1.8369e+5,1.3367e+5,,
p4,realistic-engaged,thr-rusher,threshold,43,engagement-profile,106909.55,9900.00,4,N,,,1005847.04,0.00,569.00,6231.83,106011.55,,0.00,3600.00,5400.00,900.00,,1.7281e-2,3.4672e+4,1.2760e+6,,
p4,realistic-engaged,thr-rusher,threshold,44,engagement-profile,115939.07,9900.00,4,N,,,266438.58,0.00,569.00,24919.81,115041.07,,0.00,3600.00,5400.00,900.00,,1.7281e-2,2.8334e+5,1.5571e+6,,
p4,realistic-engaged,thr-rusher,threshold,45,engagement-profile,182972.07,8100.00,4,N,,,2051560.74,0.00,569.00,6177.15,182074.07,,0.00,3600.00,3600.00,900.00,,1.7281e-2,3.3953e+4,6.6618e+6,,
p4,realistic-engaged,thr-rusher,threshold,46,engagement-profile,120496.26,9900.00,4,N,,,696934.77,0.00,569.00,21672.71,119598.26,,0.00,3600.00,5400.00,900.00,,1.7281e-2,2.4013e+5,8.6834e+5,,
p4,realistic-engaged,thr-rusher,threshold,47,engagement-profile,167281.52,7200.00,4,N,,,946897.91,0.00,569.00,9360.96,166383.52,,0.00,3600.00,2700.00,900.00,,1.7281e-2,7.6307e+4,4.3630e+6,,
p4,realistic-engaged,thr-rusher,threshold,48,engagement-profile,120234.28,9000.00,4,N,,,1255267.61,0.00,569.00,23372.09,119336.28,,0.00,3600.00,4500.00,900.00,,1.7281e-2,2.6275e+5,2.6591e+6,,
p4,realistic-engaged,thr-rusher,threshold,49,engagement-profile,156409.85,7200.00,4,N,,,317142.48,0.00,569.00,43437.96,155511.85,,0.00,3600.00,2700.00,900.00,,1.7281e-2,5.2974e+5,4.4492e+5,,
